[
  {
    "code": "93",
    "countryCode": "AF",
    "flag": "afg.svg",
    "name": "Afghanistan"
  },
  {
    "code": "358",
    "countryCode": "AX",
    "flag": "ala.svg",
    "name": "Åland Islands"
  },
  {
    "code": "355",
    "countryCode": "AL",
    "flag": "alb.svg",
    "name": "Albania"
  },
  {
    "code": "213",
    "countryCode": "DZ",
    "flag": "dza.svg",
    "name": "Algeria"
  },
  {
    "code": "1684",
    "countryCode": "AS",
    "flag": "asm.svg",
    "name": "American Samoa"
  },
  {
    "code": "376",
    "countryCode": "AD",
    "flag": "and.svg",
    "name": "Andorra"
  },
  {
    "code": "244",
    "countryCode": "AO",
    "flag": "ago.svg",
    "name": "Angola"
  },
  {
    "code": "1264",
    "countryCode": "AI",
    "flag": "aia.svg",
    "name": "Anguilla"
  },
  {
    "code": "672",
    "countryCode": "AQ",
    "flag": "ata.svg",
    "name": "Antarctica"
  },
  {
    "code": "1268",
    "countryCode": "AG",
    "flag": "atg.svg",
    "name": "Antigua and Barbuda"
  },
  {
    "code": "54",
    "countryCode": "AR",
    "flag": "arg.svg",
    "name": "Argentina"
  },
  {
    "code": "374",
    "countryCode": "AM",
    "flag": "arm.svg",
    "name": "Armenia"
  },
  {
    "code": "297",
    "countryCode": "AW",
    "flag": "abw.svg",
    "name": "Aruba"
  },
  {
    "code": "61",
    "countryCode": "AU",
    "flag": "aus.svg",
    "name": "Australia"
  },
  {
    "code": "43",
    "countryCode": "AT",
    "flag": "aut.svg",
    "name": "Austria"
  },
  {
    "code": "994",
    "countryCode": "AZ",
    "flag": "aze.svg",
    "name": "Azerbaijan"
  },
  {
    "code": "1242",
    "countryCode": "BS",
    "flag": "bhs.svg",
    "name": "Bahamas"
  },
  {
    "code": "973",
    "countryCode": "BH",
    "flag": "bhr.svg",
    "name": "Bahrain"
  },
  {
    "code": "880",
    "countryCode": "BD",
    "flag": "bgd.svg",
    "name": "Bangladesh"
  },
  {
    "code": "1246",
    "countryCode": "BB",
    "flag": "brb.svg",
    "name": "Barbados"
  },
  {
    "code": "375",
    "countryCode": "BY",
    "flag": "blr.svg",
    "name": "Belarus"
  },
  {
    "code": "32",
    "countryCode": "BE",
    "flag": "bel.svg",
    "name": "Belgium"
  },
  {
    "code": "501",
    "countryCode": "BZ",
    "flag": "blz.svg",
    "name": "Belize"
  },
  {
    "code": "229",
    "countryCode": "BJ",
    "flag": "ben.svg",
    "name": "Benin"
  },
  {
    "code": "1441",
    "countryCode": "BM",
    "flag": "bmu.svg",
    "name": "Bermuda"
  },
  {
    "code": "975",
    "countryCode": "BT",
    "flag": "btn.svg",
    "name": "Bhutan"
  },
  {
    "code": "591",
    "countryCode": "BO",
    "flag": "bol.svg",
    "name": "Bolivia (Plurinational State of)"
  },
  {
    "code": "5997",
    "countryCode": "BQ",
    "flag": "bes.svg",
    "name": "Bonaire, Sint Eustatius and Saba"
  },
  {
    "code": "387",
    "countryCode": "BA",
    "flag": "bih.svg",
    "name": "Bosnia and Herzegovina"
  },
  {
    "code": "267",
    "countryCode": "BW",
    "flag": "bwa.svg",
    "name": "Botswana"
  },
  {
    "code": "",
    "countryCode": "BV",
    "flag": "bvt.svg",
    "name": "Bouvet Island"
  },
  {
    "code": "55",
    "countryCode": "BR",
    "flag": "bra.svg",
    "name": "Brazil"
  },
  {
    "code": "246",
    "countryCode": "IO",
    "flag": "iot.svg",
    "name": "British Indian Ocean Territory"
  },
  {
    "code": "",
    "countryCode": "UM",
    "flag": "umi.svg",
    "name": "United States Minor Outlying Islands"
  },
  {
    "code": "1284",
    "countryCode": "VG",
    "flag": "vgb.svg",
    "name": "Virgin Islands (British)"
  },
  {
    "code": "1 340",
    "countryCode": "VI",
    "flag": "vir.svg",
    "name": "Virgin Islands (U.S.)"
  },
  {
    "code": "673",
    "countryCode": "BN",
    "flag": "brn.svg",
    "name": "Brunei Darussalam"
  },
  {
    "code": "359",
    "countryCode": "BG",
    "flag": "bgr.svg",
    "name": "Bulgaria"
  },
  {
    "code": "226",
    "countryCode": "BF",
    "flag": "bfa.svg",
    "name": "Burkina Faso"
  },
  {
    "code": "257",
    "countryCode": "BI",
    "flag": "bdi.svg",
    "name": "Burundi"
  },
  {
    "code": "855",
    "countryCode": "KH",
    "flag": "khm.svg",
    "name": "Cambodia"
  },
  {
    "code": "237",
    "countryCode": "CM",
    "flag": "cmr.svg",
    "name": "Cameroon"
  },
  {
    "code": "1",
    "countryCode": "CA",
    "flag": "can.svg",
    "name": "Canada"
  },
  {
    "code": "238",
    "countryCode": "CV",
    "flag": "cpv.svg",
    "name": "Cabo Verde"
  },
  {
    "code": "1345",
    "countryCode": "KY",
    "flag": "cym.svg",
    "name": "Cayman Islands"
  },
  {
    "code": "236",
    "countryCode": "CF",
    "flag": "caf.svg",
    "name": "Central African Republic"
  },
  {
    "code": "235",
    "countryCode": "TD",
    "flag": "tcd.svg",
    "name": "Chad"
  },
  {
    "code": "56",
    "countryCode": "CL",
    "flag": "chl.svg",
    "name": "Chile"
  },
  {
    "code": "86",
    "countryCode": "CN",
    "flag": "chn.svg",
    "name": "China"
  },
  {
    "code": "61",
    "countryCode": "CX",
    "flag": "cxr.svg",
    "name": "Christmas Island"
  },
  {
    "code": "61",
    "countryCode": "CC",
    "flag": "cck.svg",
    "name": "Cocos (Keeling) Islands"
  },
  {
    "code": "57",
    "countryCode": "CO",
    "flag": "col.svg",
    "name": "Colombia"
  },
  {
    "code": "269",
    "countryCode": "KM",
    "flag": "com.svg",
    "name": "Comoros"
  },
  {
    "code": "242",
    "countryCode": "CG",
    "flag": "cog.svg",
    "name": "Congo"
  },
  {
    "code": "243",
    "countryCode": "CD",
    "flag": "cod.svg",
    "name": "Congo (Democratic Republic of the)"
  },
  {
    "code": "682",
    "countryCode": "CK",
    "flag": "cok.svg",
    "name": "Cook Islands"
  },
  {
    "code": "506",
    "countryCode": "CR",
    "flag": "cri.svg",
    "name": "Costa Rica"
  },
  {
    "code": "385",
    "countryCode": "HR",
    "flag": "hrv.svg",
    "name": "Croatia"
  },
  {
    "code": "53",
    "countryCode": "CU",
    "flag": "cub.svg",
    "name": "Cuba"
  },
  {
    "code": "599",
    "countryCode": "CW",
    "flag": "cuw.svg",
    "name": "Curaçao"
  },
  {
    "code": "357",
    "countryCode": "CY",
    "flag": "cyp.svg",
    "name": "Cyprus"
  },
  {
    "code": "420",
    "countryCode": "CZ",
    "flag": "cze.svg",
    "name": "Czech Republic"
  },
  {
    "code": "45",
    "countryCode": "DK",
    "flag": "dnk.svg",
    "name": "Denmark"
  },
  {
    "code": "253",
    "countryCode": "DJ",
    "flag": "dji.svg",
    "name": "Djibouti"
  },
  {
    "code": "1767",
    "countryCode": "DM",
    "flag": "dma.svg",
    "name": "Dominica"
  },
  {
    "code": "1809",
    "countryCode": "DO",
    "flag": "dom.svg",
    "name": "Dominican Republic"
  },
  {
    "code": "593",
    "countryCode": "EC",
    "flag": "ecu.svg",
    "name": "Ecuador"
  },
  {
    "code": "20",
    "countryCode": "EG",
    "flag": "egy.svg",
    "name": "Egypt"
  },
  {
    "code": "503",
    "countryCode": "SV",
    "flag": "slv.svg",
    "name": "El Salvador"
  },
  {
    "code": "240",
    "countryCode": "GQ",
    "flag": "gnq.svg",
    "name": "Equatorial Guinea"
  },
  {
    "code": "291",
    "countryCode": "ER",
    "flag": "eri.svg",
    "name": "Eritrea"
  },
  {
    "code": "372",
    "countryCode": "EE",
    "flag": "est.svg",
    "name": "Estonia"
  },
  {
    "code": "251",
    "countryCode": "ET",
    "flag": "eth.svg",
    "name": "Ethiopia"
  },
  {
    "code": "500",
    "countryCode": "FK",
    "flag": "flk.svg",
    "name": "Falkland Islands (Malvinas)"
  },
  {
    "code": "298",
    "countryCode": "FO",
    "flag": "fro.svg",
    "name": "Faroe Islands"
  },
  {
    "code": "679",
    "countryCode": "FJ",
    "flag": "fji.svg",
    "name": "Fiji"
  },
  {
    "code": "358",
    "countryCode": "FI",
    "flag": "fin.svg",
    "name": "Finland"
  },
  {
    "code": "33",
    "countryCode": "FR",
    "flag": "fra.svg",
    "name": "France"
  },
  {
    "code": "594",
    "countryCode": "GF",
    "flag": "guf.svg",
    "name": "French Guiana"
  },
  {
    "code": "689",
    "countryCode": "PF",
    "flag": "pyf.svg",
    "name": "French Polynesia"
  },
  {
    "code": "",
    "countryCode": "TF",
    "flag": "atf.svg",
    "name": "French Southern Territories"
  },
  {
    "code": "241",
    "countryCode": "GA",
    "flag": "gab.svg",
    "name": "Gabon"
  },
  {
    "code": "220",
    "countryCode": "GM",
    "flag": "gmb.svg",
    "name": "Gambia"
  },
  {
    "code": "995",
    "countryCode": "GE",
    "flag": "geo.svg",
    "name": "Georgia"
  },
  {
    "code": "49",
    "countryCode": "DE",
    "flag": "deu.svg",
    "name": "Germany"
  },
  {
    "code": "233",
    "countryCode": "GH",
    "flag": "gha.svg",
    "name": "Ghana"
  },
  {
    "code": "350",
    "countryCode": "GI",
    "flag": "gib.svg",
    "name": "Gibraltar"
  },
  {
    "code": "30",
    "countryCode": "GR",
    "flag": "grc.svg",
    "name": "Greece"
  },
  {
    "code": "299",
    "countryCode": "GL",
    "flag": "grl.svg",
    "name": "Greenland"
  },
  {
    "code": "1473",
    "countryCode": "GD",
    "flag": "grd.svg",
    "name": "Grenada"
  },
  {
    "code": "590",
    "countryCode": "GP",
    "flag": "glp.svg",
    "name": "Guadeloupe"
  },
  {
    "code": "1671",
    "countryCode": "GU",
    "flag": "gum.svg",
    "name": "Guam"
  },
  {
    "code": "502",
    "countryCode": "GT",
    "flag": "gtm.svg",
    "name": "Guatemala"
  },
  {
    "code": "44",
    "countryCode": "GG",
    "flag": "ggy.svg",
    "name": "Guernsey"
  },
  {
    "code": "224",
    "countryCode": "GN",
    "flag": "gin.svg",
    "name": "Guinea"
  },
  {
    "code": "245",
    "countryCode": "GW",
    "flag": "gnb.svg",
    "name": "Guinea-Bissau"
  },
  {
    "code": "592",
    "countryCode": "GY",
    "flag": "guy.svg",
    "name": "Guyana"
  },
  {
    "code": "509",
    "countryCode": "HT",
    "flag": "hti.svg",
    "name": "Haiti"
  },
  {
    "code": "",
    "countryCode": "HM",
    "flag": "hmd.svg",
    "name": "Heard Island and McDonald Islands"
  },
  {
    "code": "379",
    "countryCode": "VA",
    "flag": "vat.svg",
    "name": "Holy See"
  },
  {
    "code": "504",
    "countryCode": "HN",
    "flag": "hnd.svg",
    "name": "Honduras"
  },
  {
    "code": "852",
    "countryCode": "HK",
    "flag": "hkg.svg",
    "name": "Hong Kong"
  },
  {
    "code": "36",
    "countryCode": "HU",
    "flag": "hun.svg",
    "name": "Hungary"
  },
  {
    "code": "354",
    "countryCode": "IS",
    "flag": "isl.svg",
    "name": "Iceland"
  },
  {
    "code": "91",
    "countryCode": "IN",
    "flag": "ind.svg",
    "name": "India"
  },
  {
    "code": "62",
    "countryCode": "ID",
    "flag": "idn.svg",
    "name": "Indonesia"
  },
  {
    "code": "225",
    "countryCode": "CI",
    "flag": "civ.svg",
    "name": "Côte d'Ivoire"
  },
  {
    "code": "98",
    "countryCode": "IR",
    "flag": "irn.svg",
    "name": "Iran (Islamic Republic of)"
  },
  {
    "code": "964",
    "countryCode": "IQ",
    "flag": "irq.svg",
    "name": "Iraq"
  },
  {
    "code": "353",
    "countryCode": "IE",
    "flag": "irl.svg",
    "name": "Ireland"
  },
  {
    "code": "44",
    "countryCode": "IM",
    "flag": "imn.svg",
    "name": "Isle of Man"
  },
  {
    "code": "972",
    "countryCode": "IL",
    "flag": "isr.svg",
    "name": "Israel"
  },
  {
    "code": "39",
    "countryCode": "IT",
    "flag": "ita.svg",
    "name": "Italy"
  },
  {
    "code": "1876",
    "countryCode": "JM",
    "flag": "jam.svg",
    "name": "Jamaica"
  },
  {
    "code": "81",
    "countryCode": "JP",
    "flag": "jpn.svg",
    "name": "Japan"
  },
  {
    "code": "44",
    "countryCode": "JE",
    "flag": "jey.svg",
    "name": "Jersey"
  },
  {
    "code": "962",
    "countryCode": "JO",
    "flag": "jor.svg",
    "name": "Jordan"
  },
  {
    "code": "76",
    "countryCode": "KZ",
    "flag": "kaz.svg",
    "name": "Kazakhstan"
  },
  {
    "code": "254",
    "countryCode": "KE",
    "flag": "ken.svg",
    "name": "Kenya"
  },
  {
    "code": "686",
    "countryCode": "KI",
    "flag": "kir.svg",
    "name": "Kiribati"
  },
  {
    "code": "965",
    "countryCode": "KW",
    "flag": "kwt.svg",
    "name": "Kuwait"
  },
  {
    "code": "996",
    "countryCode": "KG",
    "flag": "kgz.svg",
    "name": "Kyrgyzstan"
  },
  {
    "code": "856",
    "countryCode": "LA",
    "flag": "lao.svg",
    "name": "Lao People's Democratic Republic"
  },
  {
    "code": "371",
    "countryCode": "LV",
    "flag": "lva.svg",
    "name": "Latvia"
  },
  {
    "code": "961",
    "countryCode": "LB",
    "flag": "lbn.svg",
    "name": "Lebanon"
  },
  {
    "code": "266",
    "countryCode": "LS",
    "flag": "lso.svg",
    "name": "Lesotho"
  },
  {
    "code": "231",
    "countryCode": "LR",
    "flag": "lbr.svg",
    "name": "Liberia"
  },
  {
    "code": "218",
    "countryCode": "LY",
    "flag": "lby.svg",
    "name": "Libya"
  },
  {
    "code": "423",
    "countryCode": "LI",
    "flag": "lie.svg",
    "name": "Liechtenstein"
  },
  {
    "code": "370",
    "countryCode": "LT",
    "flag": "ltu.svg",
    "name": "Lithuania"
  },
  {
    "code": "352",
    "countryCode": "LU",
    "flag": "lux.svg",
    "name": "Luxembourg"
  },
  {
    "code": "853",
    "countryCode": "MO",
    "flag": "mac.svg",
    "name": "Macao"
  },
  {
    "code": "389",
    "countryCode": "MK",
    "flag": "mkd.svg",
    "name": "Macedonia (the former Yugoslav Republic of)"
  },
  {
    "code": "261",
    "countryCode": "MG",
    "flag": "mdg.svg",
    "name": "Madagascar"
  },
  {
    "code": "265",
    "countryCode": "MW",
    "flag": "mwi.svg",
    "name": "Malawi"
  },
  {
    "code": "60",
    "countryCode": "MY",
    "flag": "mys.svg",
    "name": "Malaysia"
  },
  {
    "code": "960",
    "countryCode": "MV",
    "flag": "mdv.svg",
    "name": "Maldives"
  },
  {
    "code": "223",
    "countryCode": "ML",
    "flag": "mli.svg",
    "name": "Mali"
  },
  {
    "code": "356",
    "countryCode": "MT",
    "flag": "mlt.svg",
    "name": "Malta"
  },
  {
    "code": "692",
    "countryCode": "MH",
    "flag": "mhl.svg",
    "name": "Marshall Islands"
  },
  {
    "code": "596",
    "countryCode": "MQ",
    "flag": "mtq.svg",
    "name": "Martinique"
  },
  {
    "code": "222",
    "countryCode": "MR",
    "flag": "mrt.svg",
    "name": "Mauritania"
  },
  {
    "code": "230",
    "countryCode": "MU",
    "flag": "mus.svg",
    "name": "Mauritius"
  },
  {
    "code": "262",
    "countryCode": "YT",
    "flag": "myt.svg",
    "name": "Mayotte"
  },
  {
    "code": "52",
    "countryCode": "MX",
    "flag": "mex.svg",
    "name": "Mexico"
  },
  {
    "code": "691",
    "countryCode": "FM",
    "flag": "fsm.svg",
    "name": "Micronesia (Federated States of)"
  },
  {
    "code": "373",
    "countryCode": "MD",
    "flag": "mda.svg",
    "name": "Moldova (Republic of)"
  },
  {
    "code": "377",
    "countryCode": "MC",
    "flag": "mco.svg",
    "name": "Monaco"
  },
  {
    "code": "976",
    "countryCode": "MN",
    "flag": "mng.svg",
    "name": "Mongolia"
  },
  {
    "code": "382",
    "countryCode": "ME",
    "flag": "mne.svg",
    "name": "Montenegro"
  },
  {
    "code": "1664",
    "countryCode": "MS",
    "flag": "msr.svg",
    "name": "Montserrat"
  },
  {
    "code": "212",
    "countryCode": "MA",
    "flag": "mar.svg",
    "name": "Morocco"
  },
  {
    "code": "258",
    "countryCode": "MZ",
    "flag": "moz.svg",
    "name": "Mozambique"
  },
  {
    "code": "95",
    "countryCode": "MM",
    "flag": "mmr.svg",
    "name": "Myanmar"
  },
  {
    "code": "264",
    "countryCode": "NA",
    "flag": "nam.svg",
    "name": "Namibia"
  },
  {
    "code": "674",
    "countryCode": "NR",
    "flag": "nru.svg",
    "name": "Nauru"
  },
  {
    "code": "977",
    "countryCode": "NP",
    "flag": "npl.svg",
    "name": "Nepal"
  },
  {
    "code": "31",
    "countryCode": "NL",
    "flag": "nld.svg",
    "name": "Netherlands"
  },
  {
    "code": "687",
    "countryCode": "NC",
    "flag": "ncl.svg",
    "name": "New Caledonia"
  },
  {
    "code": "64",
    "countryCode": "NZ",
    "flag": "nzl.svg",
    "name": "New Zealand"
  },
  {
    "code": "505",
    "countryCode": "NI",
    "flag": "nic.svg",
    "name": "Nicaragua"
  },
  {
    "code": "227",
    "countryCode": "NE",
    "flag": "ner.svg",
    "name": "Niger"
  },
  {
    "code": "234",
    "countryCode": "NG",
    "flag": "nga.svg",
    "name": "Nigeria"
  },
  {
    "code": "683",
    "countryCode": "NU",
    "flag": "niu.svg",
    "name": "Niue"
  },
  {
    "code": "672",
    "countryCode": "NF",
    "flag": "nfk.svg",
    "name": "Norfolk Island"
  },
  {
    "code": "850",
    "countryCode": "KP",
    "flag": "prk.svg",
    "name": "Korea (Democratic People's Republic of)"
  },
  {
    "code": "1670",
    "countryCode": "MP",
    "flag": "mnp.svg",
    "name": "Northern Mariana Islands"
  },
  {
    "code": "47",
    "countryCode": "NO",
    "flag": "nor.svg",
    "name": "Norway"
  },
  {
    "code": "968",
    "countryCode": "OM",
    "flag": "omn.svg",
    "name": "Oman"
  },
  {
    "code": "92",
    "countryCode": "PK",
    "flag": "pak.svg",
    "name": "Pakistan"
  },
  {
    "code": "680",
    "countryCode": "PW",
    "flag": "plw.svg",
    "name": "Palau"
  },
  {
    "code": "970",
    "countryCode": "PS",
    "flag": "pse.svg",
    "name": "Palestine, State of"
  },
  {
    "code": "507",
    "countryCode": "PA",
    "flag": "pan.svg",
    "name": "Panama"
  },
  {
    "code": "675",
    "countryCode": "PG",
    "flag": "png.svg",
    "name": "Papua New Guinea"
  },
  {
    "code": "595",
    "countryCode": "PY",
    "flag": "pry.svg",
    "name": "Paraguay"
  },
  {
    "code": "51",
    "countryCode": "PE",
    "flag": "per.svg",
    "name": "Peru"
  },
  {
    "code": "63",
    "countryCode": "PH",
    "flag": "phl.svg",
    "name": "Philippines"
  },
  {
    "code": "64",
    "countryCode": "PN",
    "flag": "pcn.svg",
    "name": "Pitcairn"
  },
  {
    "code": "48",
    "countryCode": "PL",
    "flag": "pol.svg",
    "name": "Poland"
  },
  {
    "code": "351",
    "countryCode": "PT",
    "flag": "prt.svg",
    "name": "Portugal"
  },
  {
    "code": "1787",
    "countryCode": "PR",
    "flag": "pri.svg",
    "name": "Puerto Rico"
  },
  {
    "code": "974",
    "countryCode": "QA",
    "flag": "qat.svg",
    "name": "Qatar"
  },
  {
    "code": "383",
    "countryCode": "XK",
    "flag": "kos.svg",
    "name": "Republic of Kosovo"
  },
  {
    "code": "262",
    "countryCode": "RE",
    "flag": "reu.svg",
    "name": "Réunion"
  },
  {
    "code": "40",
    "countryCode": "RO",
    "flag": "rou.svg",
    "name": "Romania"
  },
  {
    "code": "7",
    "countryCode": "RU",
    "flag": "rus.svg",
    "name": "Russian Federation"
  },
  {
    "code": "250",
    "countryCode": "RW",
    "flag": "rwa.svg",
    "name": "Rwanda"
  },
  {
    "code": "590",
    "countryCode": "BL",
    "flag": "blm.svg",
    "name": "Saint Barthélemy"
  },
  {
    "code": "290",
    "countryCode": "SH",
    "flag": "shn.svg",
    "name": "Saint Helena, Ascension and Tristan da Cunha"
  },
  {
    "code": "1869",
    "countryCode": "KN",
    "flag": "kna.svg",
    "name": "Saint Kitts and Nevis"
  },
  {
    "code": "1758",
    "countryCode": "LC",
    "flag": "lca.svg",
    "name": "Saint Lucia"
  },
  {
    "code": "590",
    "countryCode": "MF",
    "flag": "maf.svg",
    "name": "Saint Martin (French part)"
  },
  {
    "code": "508",
    "countryCode": "PM",
    "flag": "spm.svg",
    "name": "Saint Pierre and Miquelon"
  },
  {
    "code": "1784",
    "countryCode": "VC",
    "flag": "vct.svg",
    "name": "Saint Vincent and the Grenadines"
  },
  {
    "code": "685",
    "countryCode": "WS",
    "flag": "wsm.svg",
    "name": "Samoa"
  },
  {
    "code": "378",
    "countryCode": "SM",
    "flag": "smr.svg",
    "name": "San Marino"
  },
  {
    "code": "239",
    "countryCode": "ST",
    "flag": "stp.svg",
    "name": "Sao Tome and Principe"
  },
  {
    "code": "966",
    "countryCode": "SA",
    "flag": "sau.svg",
    "name": "Saudi Arabia"
  },
  {
    "code": "221",
    "countryCode": "SN",
    "flag": "sen.svg",
    "name": "Senegal"
  },
  {
    "code": "381",
    "countryCode": "RS",
    "flag": "srb.svg",
    "name": "Serbia"
  },
  {
    "code": "248",
    "countryCode": "SC",
    "flag": "syc.svg",
    "name": "Seychelles"
  },
  {
    "code": "232",
    "countryCode": "SL",
    "flag": "sle.svg",
    "name": "Sierra Leone"
  },
  {
    "code": "65",
    "countryCode": "SG",
    "flag": "sgp.svg",
    "name": "Singapore"
  },
  {
    "code": "1721",
    "countryCode": "SX",
    "flag": "sxm.svg",
    "name": "Sint Maarten (Dutch part)"
  },
  {
    "code": "421",
    "countryCode": "SK",
    "flag": "svk.svg",
    "name": "Slovakia"
  },
  {
    "code": "386",
    "countryCode": "SI",
    "flag": "svn.svg",
    "name": "Slovenia"
  },
  {
    "code": "677",
    "countryCode": "SB",
    "flag": "slb.svg",
    "name": "Solomon Islands"
  },
  {
    "code": "252",
    "countryCode": "SO",
    "flag": "som.svg",
    "name": "Somalia"
  },
  {
    "code": "27",
    "countryCode": "ZA",
    "flag": "zaf.svg",
    "name": "South Africa"
  },
  {
    "code": "500",
    "countryCode": "GS",
    "flag": "sgs.svg",
    "name": "South Georgia and the South Sandwich Islands"
  },
  {
    "code": "82",
    "countryCode": "KR",
    "flag": "kor.svg",
    "name": "Korea (Republic of)"
  },
  {
    "code": "211",
    "countryCode": "SS",
    "flag": "ssd.svg",
    "name": "South Sudan"
  },
  {
    "code": "34",
    "countryCode": "ES",
    "flag": "esp.svg",
    "name": "Spain"
  },
  {
    "code": "94",
    "countryCode": "LK",
    "flag": "lka.svg",
    "name": "Sri Lanka"
  },
  {
    "code": "249",
    "countryCode": "SD",
    "flag": "sdn.svg",
    "name": "Sudan"
  },
  {
    "code": "597",
    "countryCode": "SR",
    "flag": "sur.svg",
    "name": "Suriname"
  },
  {
    "code": "4779",
    "countryCode": "SJ",
    "flag": "sjm.svg",
    "name": "Svalbard and Jan Mayen"
  },
  {
    "code": "268",
    "countryCode": "SZ",
    "flag": "swz.svg",
    "name": "Swaziland"
  },
  {
    "code": "46",
    "countryCode": "SE",
    "flag": "swe.svg",
    "name": "Sweden"
  },
  {
    "code": "41",
    "countryCode": "CH",
    "flag": "che.svg",
    "name": "Switzerland"
  },
  {
    "code": "963",
    "countryCode": "SY",
    "flag": "syr.svg",
    "name": "Syrian Arab Republic"
  },
  {
    "code": "886",
    "countryCode": "TW",
    "flag": "twn.svg",
    "name": "Taiwan"
  },
  {
    "code": "992",
    "countryCode": "TJ",
    "flag": "tjk.svg",
    "name": "Tajikistan"
  },
  {
    "code": "255",
    "countryCode": "TZ",
    "flag": "tza.svg",
    "name": "Tanzania, United Republic of"
  },
  {
    "code": "66",
    "countryCode": "TH",
    "flag": "tha.svg",
    "name": "Thailand"
  },
  {
    "code": "670",
    "countryCode": "TL",
    "flag": "tls.svg",
    "name": "Timor-Leste"
  },
  {
    "code": "228",
    "countryCode": "TG",
    "flag": "tgo.svg",
    "name": "Togo"
  },
  {
    "code": "690",
    "countryCode": "TK",
    "flag": "tkl.svg",
    "name": "Tokelau"
  },
  {
    "code": "676",
    "countryCode": "TO",
    "flag": "ton.svg",
    "name": "Tonga"
  },
  {
    "code": "1868",
    "countryCode": "TT",
    "flag": "tto.svg",
    "name": "Trinidad and Tobago"
  },
  {
    "code": "216",
    "countryCode": "TN",
    "flag": "tun.svg",
    "name": "Tunisia"
  },
  {
    "code": "90",
    "countryCode": "TR",
    "flag": "tur.svg",
    "name": "Turkey"
  },
  {
    "code": "993",
    "countryCode": "TM",
    "flag": "tkm.svg",
    "name": "Turkmenistan"
  },
  {
    "code": "1649",
    "countryCode": "TC",
    "flag": "tca.svg",
    "name": "Turks and Caicos Islands"
  },
  {
    "code": "688",
    "countryCode": "TV",
    "flag": "tuv.svg",
    "name": "Tuvalu"
  },
  {
    "code": "256",
    "countryCode": "UG",
    "flag": "uga.svg",
    "name": "Uganda"
  },
  {
    "code": "380",
    "countryCode": "UA",
    "flag": "ukr.svg",
    "name": "Ukraine"
  },
  {
    "code": "971",
    "countryCode": "AE",
    "flag": "are.svg",
    "name": "United Arab Emirates"
  },
  {
    "code": "44",
    "countryCode": "GB",
    "flag": "gbr.svg",
    "name": "United Kingdom of Great Britain and Northern Ireland"
  },
  {
    "code": "1",
    "countryCode": "US",
    "flag": "usa.svg",
    "name": "United States of America"
  },
  {
    "code": "598",
    "countryCode": "UY",
    "flag": "ury.svg",
    "name": "Uruguay"
  },
  {
    "code": "998",
    "countryCode": "UZ",
    "flag": "uzb.svg",
    "name": "Uzbekistan"
  },
  {
    "code": "678",
    "countryCode": "VU",
    "flag": "vut.svg",
    "name": "Vanuatu"
  },
  {
    "code": "58",
    "countryCode": "VE",
    "flag": "ven.svg",
    "name": "Venezuela (Bolivarian Republic of)"
  },
  {
    "code": "84",
    "countryCode": "VN",
    "flag": "vnm.svg",
    "name": "Viet Nam"
  },
  {
    "code": "681",
    "countryCode": "WF",
    "flag": "wlf.svg",
    "name": "Wallis and Futuna"
  },
  {
    "code": "212",
    "countryCode": "EH",
    "flag": "esh.svg",
    "name": "Western Sahara"
  },
  {
    "code": "967",
    "countryCode": "YE",
    "flag": "yem.svg",
    "name": "Yemen"
  },
  {
    "code": "260",
    "countryCode": "ZM",
    "flag": "zmb.svg",
    "name": "Zambia"
  },
  {
    "code": "263",
    "countryCode": "ZW",
    "flag": "zwe.svg",
    "name": "Zimbabwe"
  }
]